article_id,title,article_url,source,source_url,image_url,posted_time,posted_time_iso,relative_time,categories,tags,scraped_at
taiwanese-startup-metai-raises-4m-seed-funding,Taiwanese startup MetAI raises $4m seed funding,https://www.techinasia.com/news/taiwanese-startup-metai-raises-4m-seed-funding,MetAI,https://www.met-ai.net/,https://cdn.techinasia.com/wp-content/uploads/2025/01/1736894729_MetAI.png,"11:00 AM at Jan 15, 2025",2025-01-15T11:00:00,6m ago,"AI,Investments",,2025-01-15 11:07:08
saudi-firm-halo-ai-secures-6m-global-expansion,Saudi firm Halo AI secures $6m for global expansion,https://www.techinasia.com/news/saudi-firm-halo-ai-secures-6m-global-expansion,Arab News,https://www.arabnews.com/node/2586359/business-economy,https://cdn.techinasia.com/wp-content/uploads/2025/01/1736482663_shutterstock_2308739453-750x499.jpg,"10:05 AM at Jan 15, 2025",2025-01-15T10:05:00,1h ago,"AI,Investments",,2025-01-15 11:07:08
israeli-cybersecurity-startup-raises-36m-seed-funding,Israeli cybersecurity startup raises $36m seed funding,https://www.techinasia.com/news/israeli-cybersecurity-startup-raises-36m-seed-funding,Calcalist,https://www.calcalistech.com/ctechnews/article/bkot3kmwyl,https://cdn.techinasia.com/wp-content/uploads/2024/12/1735011218_shutterstock_1956837997-750x553.jpg,"10:00 AM at Jan 15, 2025",2025-01-15T10:00:00,1h ago,"AI,Investments",,2025-01-15 11:07:08
biden-signs-order-ai-data-centers-usmade-chips,"Biden signs order for AI data centers, US-made chips",https://www.techinasia.com/news/biden-signs-order-ai-data-centers-usmade-chips,CNBC,https://www.cnbc.com/2025/01/14/biden-opens-federal-land-for-ai-data-centers-sets-developer-rules.html,https://cdn.techinasia.com/wp-content/uploads/2023/06/1687941555_shutterstock_2286344107-750x500.jpg,"9:00 AM at Jan 15, 2025",2025-01-15T09:00:00,2h ago,AI,,2025-01-15 11:07:08
aws-general-catalyst-advance-ai-tools-support-healthcare,"AWS, General Catalyst advance AI tools to support healthcare",https://www.techinasia.com/news/aws-general-catalyst-advance-ai-tools-support-healthcare,CNBC,https://www.cnbc.com/2025/01/13/health-care-ai-aws-and-general-catalyst-partner-to-speed-development.html,https://cdn.techinasia.com/wp-content/uploads/2025/01/1736413903_shutterstock_1489195400-750x500.jpg,"6:05 PM at Jan 14, 2025",2025-01-14T18:05:00,17h ago,AI,,2025-01-15 11:07:08
trump-set-ai-chip-export-restrictions,Trump likely to keep US AI chip export restrictions,https://www.techinasia.com/news/trump-set-ai-chip-export-restrictions,Bloomberg,https://www.bloomberg.com/news/articles/2025-01-13/trump-likely-to-maintain-new-ai-chip-controls-top-biden-aide-jake-sullivan-says,https://cdn.techinasia.com/wp-content/uploads/2025/01/1736341611_shutterstock_2434408241-750x502.jpg,"5:56 PM at Jan 14, 2025",2025-01-14T17:56:00,17h ago,AI,China,2025-01-15 11:07:08
openai-urges-action-maintain-ai-leadership,OpenAI urges action to maintain US AI leadership,https://www.techinasia.com/news/openai-urges-action-maintain-ai-leadership,Reuters,https://www.reuters.com/technology/artificial-intelligence/openai-urges-us-prioritize-ai-funding-regulation-stay-ahead-china-2025-01-13/,https://cdn.techinasia.com/wp-content/uploads/2025/01/1736148915_shutterstock_2511421515-750x494.jpg,"3:38 PM at Jan 14, 2025",2025-01-14T15:38:00,19h ago,AI,China,2025-01-15 11:07:08
tsmc-q4-profit-set-surge-58-strong-ai-chip-demand,TSMC Q4 profit set to surge 58% on strong AI chip demand,https://www.techinasia.com/news/tsmc-q4-profit-set-surge-58-strong-ai-chip-demand,Reuters,https://www.reuters.com/technology/tsmc-fourth-quarter-profit-seen-jumping-58-strong-ai-chip-demand-2025-01-13/,https://cdn.techinasia.com/wp-content/uploads/2025/01/1736217646_shutterstock_2486598645-750x500.jpg,"3:15 PM at Jan 14, 2025",2025-01-14T15:15:00,19h ago,AI,,2025-01-15 11:07:08
pubg-maker-to-invest-136m-game-studios,PUBG maker Krafton to invest $136m in game studios,https://www.techinasia.com/news/pubg-maker-to-invest-136m-game-studios,Bloomberg,https://www.bloomberg.com/news/articles/2025-01-13/-pubg-developer-plans-a-spending-spree-in-search-of-more-hits?srnd=phx-technology,https://cdn.techinasia.com/wp-content/uploads/2022/07/1659095975_nbazhjy7wm3ehegpohqa-750x422.jpeg,"1:02 PM at Jan 14, 2025",2025-01-14T13:02:00,22h ago,"AI,Investments",,2025-01-15 11:07:08
microsoft-forms-engineering-group-boost-ai-tools,Microsoft forms new engineering group to boost AI tools,https://www.techinasia.com/news/microsoft-forms-engineering-group-boost-ai-tools,The Verge,https://www.theverge.com/2025/1/13/24342793/microsoft-ai-engineering-group-coreai-jay-parikh,https://cdn.techinasia.com/wp-content/uploads/2023/01/1673334449_Microsoft-750x563.jpg,"12:26 PM at Jan 14, 2025",2025-01-14T12:26:00,22h ago,AI,,2025-01-15 11:07:08
tighten-ai-chip-exports-targets-china,"US tightens AI chip exports, targets China",https://www.techinasia.com/news/tighten-ai-chip-exports-targets-china,Reuters,https://www.reuters.com/technology/artificial-intelligence/us-tightens-its-grip-ai-chip-flows-across-globe-2025-01-13/,https://cdn.techinasia.com/wp-content/uploads/2025/01/1736823052_shutterstock_1855090540-750x500.jpg,"10:51 AM at Jan 14, 2025",2025-01-14T10:51:00,1d ago,AI,,2025-01-15 11:07:08
indonesian-digital-character-generator-nets-seed,Indonesian AI character generator nets $5m seed,https://www.techinasia.com/news/indonesian-digital-character-generator-nets-seed,Bythen,https://www.bythen.ai/,https://cdn.techinasia.com/wp-content/uploads/2025/01/1736755030_unnamed-15-750x500.jpg,"10:00 AM at Jan 14, 2025",2025-01-14T10:00:00,1d ago,"AI,Investments",,2025-01-15 11:07:08
googles-automotive-agent-enhances-voice-assist-mercedes-cla,Google’s AI agent enhances voice assist in Mercedes CLA,https://www.techinasia.com/news/googles-automotive-agent-enhances-voice-assist-mercedes-cla,Google,https://blog.google/feed/mercedes-google-cloud-automotive-ai-agent/,https://cdn.techinasia.com/wp-content/uploads/2023/09/1694664543_shutterstock_552493561-750x500.jpg,"9:45 AM at Jan 14, 2025",2025-01-14T09:45:00,1d ago,AI,,2025-01-15 11:07:08
adobe-launches-ai-tool-bulk-image-editing,Adobe launches new AI tool for bulk image editing,https://www.techinasia.com/news/adobe-launches-ai-tool-bulk-image-editing,The Verge,https://www.theverge.com/2025/1/13/24342622/adobe-firefly-bulk-create-api-announcement-availability,https://cdn.techinasia.com/wp-content/uploads/2023/06/1686709604_shutterstock_1793510983-750x500.jpg,"8:45 AM at Jan 14, 2025",2025-01-14T08:45:00,1d ago,AI,,2025-01-15 11:07:08
chinese-ai-startup-deepseek-launches-free-ios-app,Chinese AI startup DeepSeek launches free iOS app,https://www.techinasia.com/news/chinese-ai-startup-deepseek-launches-free-ios-app,Pandaily,https://pandaily.com/ai-assistant-deepseek-official-app-launched/,https://cdn.techinasia.com/wp-content/uploads/2025/01/1736726769_shutterstock_2553453443-750x500.jpg,"8:15 AM at Jan 14, 2025",2025-01-14T08:15:00,1d ago,AI,China,2025-01-15 11:07:08
south-korea-boosts-ai-semiconductor-ties-israel-japan,"South Korea boosts AI, semiconductor ties with Israel, Japan",https://www.techinasia.com/news/south-korea-boosts-ai-semiconductor-ties-israel-japan,Yonhap,https://en.yna.co.kr/view/AEN20250113000900320,https://cdn.techinasia.com/wp-content/uploads/2025/01/1736311486_shutterstock_1567981987-750x500.jpg,"4:20 PM at Jan 13, 2025",2025-01-13T16:20:00,1d ago,AI,,2025-01-15 11:07:11
sk-telecom-launches-gpuaas-south-koreas-ai-data-center,SK Telecom launches GPUaaS for South Korea’s AI data center,https://www.techinasia.com/news/sk-telecom-launches-gpuaas-south-koreas-ai-data-center,SK Telecom,http://www.linkedin.com/company/sk-telecom,https://cdn.techinasia.com/wp-content/uploads/2025/01/1736749507_Image-2-SK-Telecom-Launches-AI-Data-Center-based-GPUaaS-750x505.jpg,"3:09 PM at Jan 13, 2025",2025-01-13T15:09:00,1d ago,AI,,2025-01-15 11:07:11
youtubers-sell-unused-video-footage-ai-firms,YouTubers sell unused video footage to AI firms,https://www.techinasia.com/news/youtubers-sell-unused-video-footage-ai-firms,Bloomberg,https://www.bloomberg.com/news/articles/2025-01-10/youtubers-are-selling-their-unused-video-footage-to-ai-companies?srnd=phx-technology,https://cdn.techinasia.com/wp-content/uploads/2019/08/Youtube-Inc-Youtube-Youtube-Logo-3873587-750x500.jpg,"2:54 PM at Jan 13, 2025",2025-01-13T14:54:00,1d ago,AI,,2025-01-15 11:07:11
singtel-launches-perplexity-pro-ai-free-year-access,Singtel launches Perplexity Pro AI with free year access,https://www.techinasia.com/news/singtel-launches-perplexity-pro-ai-free-year-access,Singtel,https://www.singtel.com/personal/my-account/rewards-perplexity,https://cdn.techinasia.com/wp-content/uploads/2025/01/1736492586_shutterstock_2486442525-750x500.jpg,"11:57 AM at Jan 13, 2025",2025-01-13T11:57:00,1d ago,AI,Singapore,2025-01-15 11:07:11
chinas-deepseek-relies-young-team-challenge-giants,China’s DeepSeek relies on young team to challenge US giants,https://www.techinasia.com/news/chinas-deepseek-relies-young-team-challenge-giants,South China Morning Post,https://www.scmp.com/tech/big-tech/article/3294357/chinas-ai-disrupter-deepseek-bets-low-key-team-young-geniuses-beat-us-giants,https://cdn.techinasia.com/wp-content/uploads/2025/01/1736726769_shutterstock_2553453443-750x500.jpg,"9:30 AM at Jan 13, 2025",2025-01-13T09:30:00,2d ago,AI,China,2025-01-15 11:07:11
chinese-firms-showcase-ai-robots-evs-ces-2025,"Chinese firms showcase AI robots, EVs at CES 2025",https://www.techinasia.com/news/chinese-firms-showcase-ai-robots-evs-ces-2025,South China Morning Post,https://www.scmp.com/tech/big-tech/article/3294433/ces-2025-chinese-firms-show-leading-ai-powered-robots-evs-smart-glasses,https://cdn.techinasia.com/wp-content/uploads/2025/01/1736725757_shutterstock_2411904329-750x500.jpg,"8:45 AM at Jan 13, 2025",2025-01-13T08:45:00,2d ago,AI,China,2025-01-15 11:07:11
alibaba-cloud-launches-ai-tool-faster-app-development,Alibaba Cloud launches AI tool for faster app development,https://www.techinasia.com/news/alibaba-cloud-launches-ai-tool-faster-app-development,South China Morning Post,https://www.scmp.com/tech/big-tech/article/3294096/meet-alibabas-ai-coder-automated-system-can-build-app-minutes,https://cdn.techinasia.com/wp-content/uploads/2024/10/1727861494_shutterstock_2118466577-750x500.jpg,"3:18 PM at Jan 12, 2025",2025-01-12T15:18:00,2d ago,AI,China,2025-01-15 11:07:11
hyundai-partners-nvidia-advance-ai-mobility,Hyundai partners with Nvidia to advance AI in mobility,https://www.techinasia.com/news/hyundai-partners-nvidia-advance-ai-mobility,The Korea Times,https://www.koreatimes.co.kr/www/tech/2025/01/419_390130.html,https://cdn.techinasia.com/wp-content/uploads/2025/01/1735903833_shutterstock_2493117133-750x563.jpg,"2:42 PM at Jan 12, 2025",2025-01-12T14:42:00,2d ago,AI,,2025-01-15 11:07:11
ant-group-connect-280k-doctors-haodf-healthcare-platform,Ant Group to connect 280k doctors on Haodf healthcare platform,https://www.techinasia.com/news/ant-group-connect-280k-doctors-haodf-healthcare-platform,Ant Group,https://www.antgroup.com/en/,https://cdn.techinasia.com/wp-content/uploads/2025/01/1736594361_Cyril-Han-President-of-Ant-Group-speaks-at-the-2025-Haodf-Conference-in-Shanghai-750x500.jpg,"8:37 PM at Jan 11, 2025",2025-01-11T20:37:00,11 Jan 2025,AI,China,2025-01-15 11:07:11
openai-meta-uber-execs-attend-trumps-inauguration,"OpenAI, Meta, Uber execs set to attend Trump’s inauguration",https://www.techinasia.com/news/openai-meta-uber-execs-attend-trumps-inauguration,Bloomberg,https://www.bloomberg.com/news/articles/2025-01-10/openai-meta-uber-ceos-plan-to-attend-trump-inauguration-events?srnd=phx-technology,https://cdn.techinasia.com/wp-content/uploads/2024/12/1735005233_shutterstock_2551951845-750x500.jpg,"5:02 PM at Jan 11, 2025",2025-01-11T17:02:00,11 Jan 2025,AI,,2025-01-15 11:07:11
openai-considers-highvolume-production-humanoid-robots,OpenAI considers high-volume production of humanoid robots,https://www.techinasia.com/news/openai-considers-highvolume-production-humanoid-robots,TechCrunch,https://techcrunch.com/2025/01/10/new-openai-job-listings-reveal-its-robotics-plans/,https://cdn.techinasia.com/wp-content/uploads/2024/01/1706688900_shutterstock_2275173419-750x500.jpg,"4:56 PM at Jan 11, 2025",2025-01-11T16:56:00,11 Jan 2025,AI,,2025-01-15 11:07:11
us-agencies-partially-back-musks-legal-challenge-openai,US agencies partially back Musk’s legal challenge against OpenAI,https://www.techinasia.com/news/us-agencies-partially-back-musks-legal-challenge-openai,Bloomberg,https://www.bloomberg.com/news/articles/2025-01-10/us-supports-musk-challenge-to-openai-microsoft-board-overlaps?srnd=phx-technology,https://cdn.techinasia.com/wp-content/uploads/2023/05/1683710402_shutterstock_2293553391-750x500.jpg,"4:52 PM at Jan 11, 2025",2025-01-11T16:52:00,11 Jan 2025,AI,,2025-01-15 11:07:11
microsoft-sues-group-azure-openai-service,Microsoft sues group over Azure OpenAI service,https://www.techinasia.com/news/microsoft-sues-group-azure-openai-service,TechCrunch,https://techcrunch.com/2025/01/10/microsoft-accuses-group-of-developing-tool-to-abuse-its-ai-service-in-new-lawsuit/,,"3:26 PM at Jan 11, 2025",2025-01-11T15:26:00,11 Jan 2025,AI,,2025-01-15 11:07:11
nvidia-raises-concerns-bidens-reported-export-restrictions,Nvidia raises concerns over Biden’s reported export restrictions,https://www.techinasia.com/news/nvidia-raises-concerns-bidens-reported-export-restrictions,Reuters,https://www.reuters.com/technology/nvidia-criticizes-reported-biden-plan-ai-chip-export-curbs-2025-01-10/,,"1:24 PM at Jan 11, 2025",2025-01-11T13:24:00,11 Jan 2025,AI,,2025-01-15 11:07:11
tsmc-achieves-q4-revenue-due-growing-ai-demand,TSMC achieves $26.3b in Q4 revenue due to growing AI demand,https://www.techinasia.com/news/tsmc-achieves-q4-revenue-due-growing-ai-demand,Reuters,https://www.reuters.com/technology/tsmcs-fourth-quarter-revenue-handily-beats-market-forecast-2025-01-10/,,"4:44 PM at Jan 10, 2025",2025-01-10T16:44:00,10 Jan 2025,AI,,2025-01-15 11:07:11
musks-attorney-urges-openai-auction-sources,Musk’s attorney urges OpenAI auction: sources,https://www.techinasia.com/news/musks-attorney-urges-openai-auction-sources,Reuters,https://www.reuters.com/technology/artificial-intelligence/musk-asks-state-ags-auction-off-openai-stake-nonprofit-restructuring-sources-say-2025-01-10/,https://cdn.techinasia.com/wp-content/uploads/2025/01/1736490783_shutterstock_2568457807-750x500.jpg,"4:35 PM at Jan 10, 2025",2025-01-10T16:35:00,10 Jan 2025,AI,,2025-01-15 11:07:12
perplexity-integrates-tripadvisor-improve-hotel-searches,Perplexity integrates Tripadvisor to improve hotel searches,https://www.techinasia.com/news/perplexity-integrates-tripadvisor-improve-hotel-searches,The Verge,https://www.theverge.com/2025/1/9/24339020/perplexity-tripadvisor-integration-hotels,https://cdn.techinasia.com/wp-content/uploads/2025/01/1736492586_shutterstock_2486442525-750x500.jpg,"3:34 PM at Jan 10, 2025",2025-01-10T15:34:00,10 Jan 2025,AI,,2025-01-15 11:07:12
meta-faces-allegations-pirated-books-ai,Meta faces allegations of using pirated books for AI,https://www.techinasia.com/news/meta-faces-allegations-pirated-books-ai,Reuters,https://www.reuters.com/technology/artificial-intelligence/meta-knew-it-used-pirated-books-train-ai-authors-say-2025-01-09/,https://cdn.techinasia.com/wp-content/uploads/2023/03/1678860981_shutterstock_2067468665-750x500.jpg,"2:49 PM at Jan 10, 2025",2025-01-10T14:49:00,10 Jan 2025,AI,,2025-01-15 11:07:12
healthcare-startup-hippocratic-ai-raises-141m-funding,Healthcare startup Hippocratic AI raises $141m in funding,https://www.techinasia.com/news/healthcare-startup-hippocratic-ai-raises-141m-funding,Reuters,https://www.reuters.com/technology/artificial-intelligence/hippocratic-ai-valued-164-billion-after-series-b-round-2025-01-09/,https://cdn.techinasia.com/wp-content/uploads/2025/01/1736490233_shutterstock_2431361511-750x422.jpg,"2:24 PM at Jan 10, 2025",2025-01-10T14:24:00,10 Jan 2025,AI,,2025-01-15 11:07:12
netherlands-nvidia-team-210m-ai-research-facility,"Nvidia, Netherlands team up on $210m AI research facility",https://www.techinasia.com/news/netherlands-nvidia-team-210m-ai-research-facility,Reuters,https://www.reuters.com/technology/artificial-intelligence/netherlands-secures-nvidias-supply-possible-ai-facility-2025-01-09/,https://cdn.techinasia.com/wp-content/uploads/2024/12/1734753884_IMG_1947.jpg,"2:10 PM at Jan 10, 2025",2025-01-10T14:10:00,10 Jan 2025,"AI,Investments",,2025-01-15 11:07:12
inshorts-cofounder-launches-ai-platform-noncoders,Inshorts co-founder launches AI platform for non-coders,https://www.techinasia.com/news/inshorts-cofounder-launches-ai-platform-noncoders,Fenado AI,https://fenado.ai,https://cdn.techinasia.com/wp-content/uploads/2021/07/1626353975_Azhar_Iqubal_inshorts-750x524.jpg,"1:33 PM at Jan 10, 2025",2025-01-10T13:33:00,10 Jan 2025,AI,India,2025-01-15 11:07:12
sk-telecom-sk-hynix-penguin-partner-ai-data-centers,"SK Telecom, SK hynix, Penguin partner on AI data centers",https://www.techinasia.com/news/sk-telecom-sk-hynix-penguin-partner-ai-data-centers,SK Telecom,http://www.linkedin.com/company/sk-telecom,https://cdn.techinasia.com/wp-content/uploads/2025/01/1736478177_Image-2-SKT-SKhynix-Penguin-Solutions-sign-collaboration-agreement-for-AIDC-750x435.jpg,"11:03 AM at Jan 10, 2025",2025-01-10T11:03:00,10 Jan 2025,AI,,2025-01-15 11:07:12
delta-air-lines-unveils-ai-assistant-travel-booking,"Delta Air Lines unveils AI assistant for travel, booking",https://www.techinasia.com/news/delta-air-lines-unveils-ai-assistant-travel-booking,The Independent,https://www.independent.co.uk/tech/delta-air-lines-future-flight-b2675535.html,https://cdn.techinasia.com/wp-content/uploads/2025/01/1736477701_a321neo-750x500.jpg,"10:57 AM at Jan 10, 2025",2025-01-10T10:57:00,10 Jan 2025,AI,,2025-01-15 11:07:12
corp-launches-grok-chatbot-app-beta-ios-users,X Corp launches Grok chatbot app in beta for iOS users,https://www.techinasia.com/news/corp-launches-grok-chatbot-app-beta-ios-users,TechCrunch,https://techcrunch.com/2025/01/08/xai-is-testing-a-standalone-ios-app-for-its-grok-chatbot/,https://cdn.techinasia.com/wp-content/uploads/2024/12/1733563213_shutterstock_2388402325-750x500.jpg,"10:17 AM at Jan 10, 2025",2025-01-10T10:17:00,10 Jan 2025,AI,,2025-01-15 11:07:12
hk-construction-tech-company-raises-3m-series,HK construction tech company raises $3m series A,https://www.techinasia.com/news/hk-construction-tech-company-raises-3m-series,Betatron Venture Group,http://Betatron.co,https://cdn.techinasia.com/wp-content/uploads/2025/01/1736422965_CIC-Construction-Digitalisation-Award-750x563.jpg,"9:00 AM at Jan 10, 2025",2025-01-10T09:00:00,10 Jan 2025,"AI,Investments",,2025-01-15 11:07:12
ai-boosts-bank-profits-but-costs-jobs-worldwide-report,AI boosts bank profits but costs 200k jobs worldwide: report,https://www.techinasia.com/news/ai-boosts-bank-profits-but-costs-jobs-worldwide-report,Bloomberg,https://www.bloomberg.com/news/articles/2025-01-09/wall-street-expected-to-shed-200-000-jobs-as-ai-erodes-roles?sref=0HBwXzvA,https://cdn.techinasia.com/wp-content/uploads/2025/01/1736425053_shutterstock_2468297375-750x500.jpg,"8:19 PM at Jan 9, 2025",2025-01-09T20:19:00,9 Jan 2025,AI,,2025-01-15 11:07:12
nvidia-unveils-breakthrough-ai-chips-ces-2025,Nvidia unveils breakthrough AI chips at CES 2025,https://www.techinasia.com/news/nvidia-unveils-breakthrough-ai-chips-ces-2025,TechCrunch,https://techcrunch.com/2025/01/07/nvidia-ceo-says-his-ai-chips-are-improving-faster-than-moores-law/,https://cdn.techinasia.com/wp-content/uploads/2025/01/1736404621_shutterstock_2471286037-750x500.jpg,"6:47 PM at Jan 9, 2025",2025-01-09T18:47:00,9 Jan 2025,AI,,2025-01-15 11:07:12
chip-export-controls-threaten-us-ai-leadership-industry-group,Chip export controls threaten US AI leadership: industry group,https://www.techinasia.com/news/chip-export-controls-threaten-us-ai-leadership-industry-group,Reuters,https://www.reuters.com/technology/artificial-intelligence/tech-group-urges-us-halt-rule-that-would-limit-global-access-ai-chips-2025-01-07/,,"6:39 PM at Jan 9, 2025",2025-01-09T18:39:00,9 Jan 2025,AI,,2025-01-15 11:07:12
ai-jobs-top-linkedins-job-growth-list,AI jobs top LinkedIn’s US job growth list,https://www.techinasia.com/news/ai-jobs-top-linkedins-job-growth-list,Axios,https://www.axios.com/2025/01/07/ai-jobs-on-the-rise-linkedin-report,,"3:19 PM at Jan 9, 2025",2025-01-09T15:19:00,9 Jan 2025,AI,,2025-01-15 11:07:12
indian-deeptech-firm-names-cto-ayush-gupta-cofounder,Indian deeptech firm names CTO Ayush Gupta as co-founder,https://www.techinasia.com/news/indian-deeptech-firm-names-cto-ayush-gupta-cofounder,Inc42,https://inc42.com/buzz/enlog-elevates-its-cto-ayush-gupta-to-cofounder/,,"9:25 AM at Jan 9, 2025",2025-01-09T09:25:00,9 Jan 2025,AI,India,2025-01-15 11:07:12
microsoft-invests-3b-india-public-private-deals,"Microsoft invests $3b in India with public, private deals",https://www.techinasia.com/news/microsoft-invests-3b-india-public-private-deals,TechCrunch,https://techcrunch.com/2025/01/08/microsoft-backs-its-3b-ai-push-in-india-with-public-and-private-sector-deals/,https://cdn.techinasia.com/wp-content/uploads/2023/01/1673334449_Microsoft-750x563.jpg,"9:17 AM at Jan 9, 2025",2025-01-09T09:17:00,9 Jan 2025,"AI,Investments",India,2025-01-15 11:07:16
tesla-explosion-trump-hotel-linked-genai,Tesla explosion outside Trump Hotel linked to genAI,https://www.techinasia.com/news/tesla-explosion-trump-hotel-linked-genai,The Verge,https://www.theverge.com/2025/1/7/24338788/las-vegas-cybertruck-explosion-chatgpt-ai-search,https://cdn.techinasia.com/wp-content/uploads/2025/01/1736318356_shutterstock_2133946807-750x500.jpg,"4:38 PM at Jan 8, 2025",2025-01-08T16:38:00,8 Jan 2025,AI,,2025-01-15 11:07:16
ces-2025-showcases-ai-selfdriving-cars,"CES 2025 showcases AI, self-driving cars",https://www.techinasia.com/news/ces-2025-showcases-ai-selfdriving-cars,Agence France-Presse,https://www.france24.com/en/live-news/20250107-homes-talk-and-tables-walk-at-ai-dominated-ces,https://cdn.techinasia.com/wp-content/uploads/2025/01/1736230429_GZ8zHVCXMAAtWYV-750x494.jpeg,"3:41 PM at Jan 8, 2025",2025-01-08T15:41:00,8 Jan 2025,AI,China,2025-01-15 11:07:16
south-koreans-spend-900-million-minutes-ai-services,South Koreans spend 900m minutes on AI services,https://www.techinasia.com/news/south-koreans-spend-900-million-minutes-ai-services,The Korea Times,https://www.koreatimes.co.kr/www/tech/2025/01/133_389882.html,https://cdn.techinasia.com/wp-content/uploads/2025/01/1736311486_shutterstock_1567981987-750x500.jpg,"1:26 PM at Jan 8, 2025",2025-01-08T13:26:00,8 Jan 2025,AI,,2025-01-15 11:07:16
apple-update-ai-summaries-misinformation-concerns,Apple to update AI summaries after misinformation concerns,https://www.techinasia.com/news/apple-update-ai-summaries-misinformation-concerns,The Independent,https://www.independent.co.uk/tech/apple-iphone-update-ai-intelligence-summary-b2675122.html,https://cdn.techinasia.com/wp-content/uploads/2025/01/1736233984_shutterstock_2480759189-750x500.jpg,"12:42 PM at Jan 8, 2025",2025-01-08T12:42:00,8 Jan 2025,AI,,2025-01-15 11:07:16
half-saudi-deep-tech-startups-focus-ai-iot-report,"Half of Saudi deeptech startups focus on AI, IoT: report",https://www.techinasia.com/news/half-saudi-deep-tech-startups-focus-ai-iot-report,Arab News,https://www.arabnews.com/node/2585539/business-economy,https://cdn.techinasia.com/wp-content/uploads/2024/12/1734857687_shutterstock_2328870819-750x499.jpg,"12:41 PM at Jan 8, 2025",2025-01-08T12:41:00,8 Jan 2025,"AI,Investments",,2025-01-15 11:07:16
google-deepmind-forms-team-improve-ai-world-models,"Google DeepMind forms team to improve AI, world models",https://www.techinasia.com/news/google-deepmind-forms-team-improve-ai-world-models,The Verge,https://www.theverge.com/2025/1/7/24338053/google-deepmind-world-modeling-ai-team-gaming-robot-training,https://cdn.techinasia.com/wp-content/uploads/2024/05/1715929239_shutterstock_2430023717-750x500.jpg,"11:25 AM at Jan 8, 2025",2025-01-08T11:25:00,8 Jan 2025,AI,,2025-01-15 11:07:16
chinas-01ai-founder-denies-selling-assets-alibaba-cloud,China’s 01.AI founder denies selling assets to Alibaba Cloud,https://www.techinasia.com/news/chinas-01ai-founder-denies-selling-assets-alibaba-cloud,South China Morning Post,https://www.scmp.com/tech/tech-trends/article/3293791/chinese-start-01ai-founder-lee-kai-fu-denies-rumours-asset-sale-alibaba,https://cdn.techinasia.com/wp-content/uploads/2023/02/1677214924_shutterstock_1511745794-750x460.jpg,"8:40 AM at Jan 8, 2025",2025-01-08T08:40:00,8 Jan 2025,AI,,2025-01-15 11:07:16
chinese-healthcare-firm-weimai-raises-273m-series,Chinese healthcare firm Weimai raises $27.3m series D,https://www.techinasia.com/news/chinese-healthcare-firm-weimai-raises-273m-series,Weimai,https://dtxalliance.org/members/weimai/,https://cdn.techinasia.com/wp-content/uploads/2025/01/1736245089_Weimai-relies-on-AI-big-data-and-other-technologies-to-enhance-full-cycle-health-management-solutions-750x520.jpg,"6:21 PM at Jan 7, 2025",2025-01-07T18:21:00,7 Jan 2025,"AI,Investments",China,2025-01-15 11:07:16
microsoft-announces-3b-investment-india,Microsoft announces $3b investment in India,https://www.techinasia.com/news/microsoft-announces-3b-investment-india,The Economic Times,https://economictimes.indiatimes.com/tech/technology/microsoft-announces-3-billion-investment-in-india/articleshow/117018644.cms?from=mdr,https://cdn.techinasia.com/wp-content/uploads/2020/12/microsoft-4608125_1280-750x500.jpg,"6:00 PM at Jan 7, 2025",2025-01-07T18:00:00,7 Jan 2025,"AI,Investments",India,2025-01-15 11:07:16
nvidia-debuts-rtx-gpus-agentic-ai-ces-2025,"Nvidia debuts RTX GPUs, ‘Agentic AI’ at CES 2025",https://www.techinasia.com/news/nvidia-debuts-rtx-gpus-agentic-ai-ces-2025,Fortune,https://fortune.com/2025/01/06/nvidias-jensen-huang-agentics-ai-robots-blackwell-gpu-ces-2025-toyota-autonomous-vehicles/,https://cdn.techinasia.com/wp-content/uploads/2025/01/1736233381_shutterstock_2320842535-750x500.jpg,"3:50 PM at Jan 7, 2025",2025-01-07T15:50:00,7 Jan 2025,AI,,2025-01-15 11:07:16
ai-startup-funding-hits-record-97b-2024,US AI startup funding hits record $97b in 2024,https://www.techinasia.com/news/ai-startup-funding-hits-record-97b-2024,Bloomberg,https://www.bloomberg.com/news/articles/2025-01-07/after-openai-xai-megarounds-ai-startup-funding-hit-a-record-97-billion,https://cdn.techinasia.com/wp-content/uploads/2024/12/1734693552_shutterstock_2231108363-750x506.jpg,"3:43 PM at Jan 7, 2025",2025-01-07T15:43:00,7 Jan 2025,"AI,Investments",,2025-01-15 11:07:16
asia-chip-shares-rise-nvidia-ceos-ces-speech,Asia chip shares rise ahead of Nvidia CEO’s CES speech,https://www.techinasia.com/news/asia-chip-shares-rise-nvidia-ceos-ces-speech,Bloomberg,https://www.bloomberg.com/news/articles/2025-01-07/asia-chip-shares-surge-ahead-of-nvidia-ceo-s-vegas-appearance?srnd=phx-technology,,"2:16 PM at Jan 7, 2025",2025-01-07T14:16:00,7 Jan 2025,AI,,2025-01-15 11:07:16
ces-2025-set-highlight-ai-automotive-innovations,"CES 2025 set to highlight AI, automotive innovations",https://www.techinasia.com/news/ces-2025-set-highlight-ai-automotive-innovations,Yahoo Finance,https://finance.yahoo.com/news/what-to-expect-from-ces-2025-techs-biggest-show-goes-all-in-on-ai-142424278.html?guccounter=1&amp;guce_referrer=aHR0cHM6Ly93d3cuZ29vZ2xlLmNvbS8&amp;guce_referrer_sig=AQAAAJrivGyDaqqN3sXlWY8Tfd0sXeURf1vOJJMRDlL4RejDNFvOvXcdFJJa3y_q2eOS9TFfAMoH76pQB0W9IYZEbyCQ_n7hBX01K_Fw3yxVCRZNOZznCbVRY1xGBo84AHe1b9TJY3nu7IVacL2A3uPl_XPt6Uiua_VNx4t3i7Mq5j56,,"2:14 PM at Jan 7, 2025",2025-01-07T14:14:00,7 Jan 2025,AI,,2025-01-15 11:07:16
meta-expands-board-strategic-appointments,Meta expands board with new strategic appointments,https://www.techinasia.com/news/meta-expands-board-strategic-appointments,Reuters,https://www.reuters.com/technology/meta-elects-ufc-ceo-dana-white-two-others-board-2025-01-06/,,"12:55 PM at Jan 7, 2025",2025-01-07T12:55:00,7 Jan 2025,AI,,2025-01-15 11:07:16
nvidia-stock-hits-record-high-ceos-speech,Nvidia stock hits record high ahead of CEO’s speech,https://www.techinasia.com/news/nvidia-stock-hits-record-high-ceos-speech,Barrons,https://www.barrons.com/amp/articles/nvidia-stock-price-jensen-ces-4ec8006f,https://cdn.techinasia.com/wp-content/uploads/2024/12/1734753884_IMG_1947.jpg,"8:15 AM at Jan 7, 2025",2025-01-07T08:15:00,7 Jan 2025,AI,,2025-01-15 11:07:18
indian-healthtech-firm-consintai-raises-58k-seed-funding,Indian healthtech firm Consint.AI raises $58k seed funding,https://www.techinasia.com/news/indian-healthtech-firm-consintai-raises-58k-seed-funding,Consint.AI,https://consint.ai/,https://cdn.techinasia.com/wp-content/uploads/2025/01/1736154729_Ashish-Chaturvedi-750x784.jpeg,"5:37 PM at Jan 6, 2025",2025-01-06T17:37:00,6 Jan 2025,"AI,Investments",India,2025-01-15 11:07:18
openai-forecasts-5b-loss-200-chatgpt-pro-struggles,OpenAI forecasts $5b loss as $200 ChatGPT Pro struggles,https://www.techinasia.com/news/openai-forecasts-5b-loss-200-chatgpt-pro-struggles,TechCrunch,https://techcrunch.com/2025/01/05/openai-is-losing-money-on-its-pricey-chatgpt-pro-plan-ceo-sam-altman-says/,https://cdn.techinasia.com/wp-content/uploads/2024/01/1706688900_shutterstock_2275173419-750x500.jpg,"4:18 PM at Jan 6, 2025",2025-01-06T16:18:00,6 Jan 2025,AI,,2025-01-15 11:07:18
microsoft-plans-80b-aifocused-data-center-investments,Microsoft plans $80b AI-focused data center investments,https://www.techinasia.com/news/microsoft-plans-80b-aifocused-data-center-investments,Bloomberg,https://www.bloomberg.com/news/articles/2025-01-03/microsoft-to-spend-80-billion-on-ai-data-centers-this-year,https://cdn.techinasia.com/wp-content/uploads/2020/12/microsoft-4608125_1280-750x500.jpg,"3:53 PM at Jan 4, 2025",2025-01-04T15:53:00,4 Jan 2025,"AI,Investments",,2025-01-15 11:07:18
us-plans-ai-chip-export-controls-china,US plans new AI chip export controls for China,https://www.techinasia.com/news/us-plans-ai-chip-export-controls-china,South China Morning Post,https://www.scmp.com/tech/tech-war/article/3293328/chip-war-us-may-unveil-new-rules-limiting-chinas-access-ai-chips-biden-leaves-office,https://cdn.techinasia.com/wp-content/uploads/2023/06/1687941555_shutterstock_2286344107-750x500.jpg,"3:50 PM at Jan 4, 2025",2025-01-04T15:50:00,4 Jan 2025,AI,China,2025-01-15 11:07:18
chinas-stateowned-ai-firm-names-exibm-exec-cto,China’s state-owned AI firm names ex-IBM exec as CTO,https://www.techinasia.com/news/chinas-stateowned-ai-firm-names-exibm-exec-cto,South China Morning Post,https://www.scmp.com/tech/big-tech/article/3293292/chinese-state-owned-ai-firm-hires-former-ibm-executive-chief-technology-officer,https://cdn.techinasia.com/wp-content/uploads/2024/04/1712121300_Featured-image-These-are-Asias-most-active-investors-in-AI-750x422.jpg,"12:26 PM at Jan 4, 2025",2025-01-04T12:26:00,4 Jan 2025,AI,China,2025-01-15 11:07:18
alibaba-cloud-rayneo-team-integrate-ai-models-ar,"Alibaba Cloud, RayNeo team up to integrate AI models in AR",https://www.techinasia.com/news/alibaba-cloud-rayneo-team-integrate-ai-models-ar,Pandaily,https://pandaily.com/alibaba-enters-the-ai-glasses-market-and-reaches-a-strategic-cooperation-with-rayneo/,https://cdn.techinasia.com/wp-content/uploads/2025/01/1735900531_shutterstock_2447748353-750x422.jpg,"6:36 PM at Jan 3, 2025",2025-01-03T18:36:00,3 Jan 2025,AI,China,2025-01-15 11:07:18
russia-partners-china-advance-ai-key-sectors,Russia partners with China to advance AI in key sectors,https://www.techinasia.com/news/russia-partners-china-advance-ai-key-sectors,Global Times,https://www.globaltimes.cn/page/202501/1326194.shtml,https://cdn.techinasia.com/wp-content/uploads/2025/01/1735899533_shutterstock_1915977949-750x499.jpg,"6:26 PM at Jan 3, 2025",2025-01-03T18:26:00,3 Jan 2025,AI,,2025-01-15 11:07:18
sensetime-downsizes-sg-office-space-competition,SenseTime downsizes SG office space amid competition,https://www.techinasia.com/news/sensetime-downsizes-sg-office-space-competition,Bloomberg,https://www.bloomberg.com/news/articles/2025-01-03/chinese-ai-firm-sensetime-cuts-back-on-singapore-office-space,https://cdn.techinasia.com/wp-content/uploads/2024/04/1713955599_SenseTime-CEO-Xu-Li-750x500.jpg,"12:31 PM at Jan 3, 2025",2025-01-03T12:31:00,3 Jan 2025,AI,"China,Singapore",2025-01-15 11:07:18
ai-demand-drives-nvidias-2t-gain-2024,AI demand drives Nvidia’s $2t gain in 2024,https://www.techinasia.com/news/ai-demand-drives-nvidias-2t-gain-2024,Reuters,https://www.reuters.com/technology/artificial-intelligence/global-markets-marketcap-pix-2025-01-02/,https://cdn.techinasia.com/wp-content/uploads/2024/12/1734753884_IMG_1947.jpg,"6:48 PM at Jan 2, 2025",2025-01-02T18:48:00,2 Jan 2025,AI,,2025-01-15 11:07:18
grab-openais-gpt4o-boost-map-accuracy,Grab uses OpenAI’s GPT-4o to improve map accuracy,https://www.techinasia.com/news/grab-openais-gpt4o-boost-map-accuracy,OpenAI,https://openai.com/index/grab/,https://cdn.techinasia.com/wp-content/uploads/2023/05/1682995649_shutterstock_2095751974-750x500.jpg,"6:20 PM at Jan 2, 2025",2025-01-02T18:20:00,2 Jan 2025,AI,Southeast Asia,2025-01-15 11:07:18
foxconn-invests-345m,Foxconn invests $345m in US,https://www.techinasia.com/news/foxconn-invests-345m,Focus Taiwan,https://focustaiwan.tw/business/202412310021,https://cdn.techinasia.com/wp-content/uploads/2023/09/1695793333_shutterstock_2354986899-750x563.jpg,"8:07 AM at Jan 2, 2025",2025-01-02T08:07:00,2 Jan 2025,"AI,Investments",,2025-01-15 11:07:18
alipay-introduces-ai-tool-analyzing-images-app,Alipay introduces AI tool for analyzing images in app,https://www.techinasia.com/news/alipay-introduces-ai-tool-analyzing-images-app,South China Morning Post,https://www.scmp.com/tech/tech-trends/article/3292878/alipay-adds-ai-image-search-enhance-super-app-role-rivalry-tencents-wechat,,"3:09 PM at Jan 1, 2025",2025-01-01T15:09:00,1 Jan 2025,"AI,Fintech",China,2025-01-15 11:07:18
alibaba-cloud-cuts-price-ai-models-85,Alibaba Cloud cuts the price of AI models by 85%,https://www.techinasia.com/news/alibaba-cloud-cuts-price-ai-models-85,South China Morning Post,https://www.scmp.com/tech/big-tech/article/3292916/alibaba-cuts-ai-visual-model-cost-85-last-day-year-price-war-rages,,"3:04 PM at Jan 1, 2025",2025-01-01T15:04:00,1 Jan 2025,AI,China,2025-01-15 11:07:18
nvidia-completes-700m-runai-acquisition-eu-approval,Nvidia completes $700m Run:ai acquisition after EU approval,https://www.techinasia.com/news/nvidia-completes-700m-runai-acquisition-eu-approval,Reuters,https://www.reuters.com/markets/deals/nvidia-closes-700-mln-runai-acquisition-after-regulatory-hurdles-2024-12-30/,,"12:13 PM at Dec 31, 2024",2024-12-31T12:13:00,31 Dec 2024,AI,,2025-01-15 11:07:18
blockchainpowered-ai-agent-ai16z-hits-15b-market-cap,Blockchain-powered AI agent AI16z hits $1.5b market cap,https://www.techinasia.com/news/blockchainpowered-ai-agent-ai16z-hits-15b-market-cap,The Block,https://www.theblock.co/post/332546/blockchain-powered-ai-agent-ai16z-reaches-1-5-billion-market-cap,https://cdn.techinasia.com/wp-content/uploads/2022/04/1649736529_fi--750x422.png,"4:23 PM at Dec 30, 2024",2024-12-30T16:23:00,30 Dec 2024,"AI,Crypto",,2025-01-15 11:07:21
google-to-focus-on-gemini-ai-expansion-2025,Google to focus on Gemini AI expansion in 2025,https://www.techinasia.com/news/google-to-focus-on-gemini-ai-expansion-2025,TechCrunch,https://techcrunch.com/2024/12/28/google-ceo-says-ai-model-gemini-will-the-companys-biggest-focus-in-2025/?guccounter=1&amp;guce_referrer=aHR0cHM6Ly93d3cuZ29vZ2xlLmNvbS8&amp;guce_referrer_sig=AQAAAJEbH-Kt6UJW_xdWRB3OmFIlS72ukDjsjMoI21RDETRKs5K-MOHLy967x34gYWSPtqAhyLduEZzJYoB4oSsr80r4qc5hwcOFSw_5je3PCuYtt49lFjTgfHHSFZZ7J2DEEaHcEkzHvDabXRORiXXGaJOz-SVMc_dSaIhY9hmgOk6d,https://cdn.techinasia.com/wp-content/uploads/2023/09/1694664543_shutterstock_552493561-750x500.jpg,"1:16 PM at Dec 30, 2024",2024-12-30T13:16:00,30 Dec 2024,AI,,2025-01-15 11:07:21
chinas-top-stock-2024-targets-growth-ai,China’s top stock of 2024 targets growth with AI,https://www.techinasia.com/news/chinas-top-stock-2024-targets-growth-ai,Bloomberg,https://www.bloomberg.com/news/articles/2024-12-30/china-s-top-stock-of-2024-eyes-boost-from-ai-self-reliance,https://cdn.techinasia.com/wp-content/uploads/2024/12/1734062093_shutterstock_1145455832-750x500.jpg,"12:29 PM at Dec 30, 2024",2024-12-30T12:29:00,30 Dec 2024,AI,China,2025-01-15 11:07:21
nvidia-supplier-ibiden-boosts-production-ai-chips,Nvidia supplier Ibiden boosts production for AI chips,https://www.techinasia.com/news/nvidia-supplier-ibiden-boosts-production-ai-chips,Bloomberg,https://www.bloomberg.com/news/articles/2024-12-29/nvidia-supplier-ibiden-weighs-faster-expansion-to-meet-ai-demand?srnd=phx-technology,https://cdn.techinasia.com/wp-content/uploads/2024/12/1735528644_Ibiden-750x419.jpg,"11:27 AM at Dec 30, 2024",2024-12-30T11:27:00,30 Dec 2024,AI,,2025-01-15 11:07:21
taiwans-609m-cuts-risk-ai-semiconductor-industries,"Taiwan’s $609m cuts risk its AI, semiconductor industries",https://www.techinasia.com/news/taiwans-609m-cuts-risk-ai-semiconductor-industries,Reuters,https://www.reuters.com/technology/taiwans-science-ministry-warns-spending-cuts-could-hit-chips-ai-funding-2024-12-27/,https://cdn.techinasia.com/wp-content/uploads/2024/12/1735380396_shutterstock_2422620279-750x500.jpg,"6:06 PM at Dec 28, 2024",2024-12-28T18:06:00,28 Dec 2024,AI,,2025-01-15 11:07:21
openai-plans-shift-public-benefit-corporation,OpenAI plans to shift to public benefit corporation,https://www.techinasia.com/news/openai-plans-shift-public-benefit-corporation,Reuters,https://www.reuters.com/technology/artificial-intelligence/openai-lays-out-plan-shift-new-for-profit-structure-2024-12-27/,https://cdn.techinasia.com/wp-content/uploads/2023/05/1683710402_shutterstock_2293553391-750x500.jpg,"1:52 PM at Dec 28, 2024",2024-12-28T13:52:00,28 Dec 2024,"AI,Investments",,2025-01-15 11:07:21
shanghai-plans-medical-ai-hub-2027,Shanghai plans to become medical AI hub by 2027,https://www.techinasia.com/news/shanghai-plans-medical-ai-hub-2027,South China Morning Post,https://www.scmp.com/tech/policy/article/3292460/us-china-tech-war-shanghai-aims-be-global-medical-ai-hub-2027?module=perpetual_scroll_0&amp;pgtype=article,https://cdn.techinasia.com/wp-content/uploads/2021/11/1637132395_shanghai-6579053_1920-750x421.jpg,"5:57 PM at Dec 27, 2024",2024-12-27T17:57:00,27 Dec 2024,AI,China,2025-01-15 11:07:21
xiaohongshu-launches-ai-search-tool-lifestyle,Xiaohongshu launches AI search tool for lifestyle,https://www.techinasia.com/news/xiaohongshu-launches-ai-search-tool-lifestyle,Pandaily,https://pandaily.com/xiaohongshu-launches-ai-search-product-dian-dian/,https://cdn.techinasia.com/wp-content/uploads/2021/07/1626409342_xiaohongshu-750x390.jpg,"5:55 PM at Dec 27, 2024",2024-12-27T17:55:00,27 Dec 2024,AI,China,2025-01-15 11:07:21
hong-kong-startup-offers-ai-avatars-eyes-revenue-boost,"Hong Kong startup offers AI avatars, eyes revenue boost",https://www.techinasia.com/news/hong-kong-startup-offers-ai-avatars-eyes-revenue-boost,South China Morning Post,https://www.scmp.com/tech/tech-trends/article/3292325/hong-kong-start-offers-personalised-avatars-bid-monetise-generative-ai,https://cdn.techinasia.com/wp-content/uploads/2022/06/1654834653_Hong-Kong-Victoria-Harbour_fixed-750x563.png,"12:01 PM at Dec 27, 2024",2024-12-27T12:01:00,27 Dec 2024,AI,,2025-01-15 11:07:21
chinese-ai-firm-deepseek-unveils-model-surpassing-gpt4,Chinese AI firm DeepSeek unveils model surpassing GPT-4,https://www.techinasia.com/news/chinese-ai-firm-deepseek-unveils-model-surpassing-gpt4,TechCrunch,https://techcrunch.com/2024/12/26/deepseeks-new-ai-model-appears-to-be-one-of-the-best-open-challengers-yet/,https://cdn.techinasia.com/wp-content/uploads/2024/12/1734062093_shutterstock_1145455832-750x500.jpg,"11:14 AM at Dec 27, 2024",2024-12-27T11:14:00,27 Dec 2024,AI,China,2025-01-15 11:07:21
nvidia-leads-gpu-bids-indias-ai-mission,Nvidia leads GPU bids in India’s AI mission,https://www.techinasia.com/news/nvidia-leads-gpu-bids-indias-ai-mission,The Economic Times,https://economictimes.indiatimes.com/small-biz/sme-sector/strategy-jugaad-lab-grown-diamonds-and-sme-listing-et-make-in-india-sme-summit-in-surat-unlocks-future-growth-for-msmes/articleshow/116160350.cms,https://cdn.techinasia.com/wp-content/uploads/2024/12/1734753884_IMG_1947.jpg,"5:02 PM at Dec 26, 2024",2024-12-26T17:02:00,26 Dec 2024,AI,India,2025-01-15 11:07:21
chatgpt-vulnerable-hidden-content-tests-show,"ChatGPT reportedly vulnerable to hidden content, tests show",https://www.techinasia.com/news/chatgpt-vulnerable-hidden-content-tests-show,The Guardian,https://www.theguardian.com/technology/2024/dec/24/chatgpt-search-tool-vulnerable-to-manipulation-and-deception-tests-show,https://cdn.techinasia.com/wp-content/uploads/2023/07/1689315377_shutterstock_2239373423-750x500.jpg,"2:05 PM at Dec 26, 2024",2024-12-26T14:05:00,26 Dec 2024,AI,,2025-01-15 11:07:21
ai-crypto-fuel-record-stock-market-boom-2024,"AI, crypto fuel record stock market boom in 2024",https://www.techinasia.com/news/ai-crypto-fuel-record-stock-market-boom-2024,CNBC,https://www.cnbc.com/2024/12/25/ai-crypto-top-tech-stocks-applovin-microstrategy-palantir-nvidia.html,,"10:27 AM at Dec 26, 2024",2024-12-26T10:27:00,26 Dec 2024,"AI,Crypto",,2025-01-15 11:07:21
google-tests-gemini-ai-anthropics-claude,Google tests Gemini AI against Anthropic’s Claude,https://www.techinasia.com/news/google-tests-gemini-ai-anthropics-claude,TechCrunch,https://techcrunch.com/2024/12/24/google-is-using-anthropics-claude-to-improve-its-gemini-ai/,,"1:29 PM at Dec 25, 2024",2024-12-25T13:29:00,25 Dec 2024,AI,,2025-01-15 11:07:21
openais-new-model-shows-favorable-results-but-faces-high-costs,"OpenAI’s new model shows favorable results, but faces high costs",https://www.techinasia.com/news/openais-new-model-shows-favorable-results-but-faces-high-costs,TechCrunch,https://techcrunch.com/2024/12/23/openais-o3-suggests-ai-models-are-scaling-in-new-ways-but-so-are-the-costs/,,"2:53 PM at Dec 24, 2024",2024-12-24T14:53:00,24 Dec 2024,AI,,2025-01-15 11:07:21
tencent-backed-chinese-ai-startup-raises-series-b-funding,Tencent-backed Chinese AI startup raises series B funding,https://www.techinasia.com/news/tencent-backed-chinese-ai-startup-raises-series-b-funding,Pandaily,https://pandaily.com/the-large-scale-unicorn-company-stepfun-has-completed-series-b-financing/,https://cdn.techinasia.com/wp-content/uploads/2024/12/1734062093_shutterstock_1145455832-750x500.jpg,"1:52 PM at Dec 24, 2024",2024-12-24T13:52:00,24 Dec 2024,"AI,Investments",China,2025-01-15 11:07:24
israeli-data-analytics-firm-acquires-aporia-for-50m,Israeli data analytics firm acquires Aporia for $50m,https://www.techinasia.com/news/israeli-data-analytics-firm-acquires-aporia-for-50m,Calcalist,https://www.calcalistech.com/ctechnews/article/5y3de8pii,https://cdn.techinasia.com/wp-content/uploads/2021/07/1627557905_coralogix-750x500.jpg,"12:47 PM at Dec 24, 2024",2024-12-24T12:47:00,24 Dec 2024,AI,,2025-01-15 11:07:24
musks-xai-secures-6b-latest-funding,Musk’s xAI secures $6b in latest funding round,https://www.techinasia.com/news/musks-xai-secures-6b-latest-funding,TechCrunch,https://techcrunch.com/2024/12/23/elon-musks-xai-lands-billions-in-new-cash-to-fuel-ai-ambitions/,https://cdn.techinasia.com/wp-content/uploads/2024/12/1733563213_shutterstock_2388402325-750x500.jpg,"11:02 AM at Dec 24, 2024",2024-12-24T11:02:00,24 Dec 2024,"AI,Investments",,2025-01-15 11:07:24
andreessen-accuses-biden-favoring-firms-ai-regulations,Andreessen accuses Biden of favoring firms in AI regulations,https://www.techinasia.com/news/andreessen-accuses-biden-favoring-firms-ai-regulations,TechCrunch,https://techcrunch.com/2024/12/20/sam-altman-disputes-marc-andreessens-description-of-ai-meetings-with-biden-administration/,https://cdn.techinasia.com/wp-content/uploads/2022/05/1651634271_Marc_Andreessen-9-1-750x500.jpg,"10:46 AM at Dec 24, 2024",2024-12-24T10:46:00,24 Dec 2024,AI,,2025-01-15 11:07:24
trump-names-ai-crypto-experts-key-tech-roles-2025,"Trump names AI, crypto experts to key tech roles for 2025",https://www.techinasia.com/news/trump-names-ai-crypto-experts-key-tech-roles-2025,Politico,https://www.politico.com/news/2024/12/22/trump-names-kratsios-parker-to-tech-roles-00195859,https://cdn.techinasia.com/wp-content/uploads/2024/11/1730941690_shutterstock_2455396913-750x500.jpg,"8:20 AM at Dec 24, 2024",2024-12-24T08:20:00,24 Dec 2024,"AI,Crypto",,2025-01-15 11:07:24
apple-nears-4t-valuation-ai-boosts-stock-rise,Apple nears $4t valuation as AI boosts stock rise,https://www.techinasia.com/news/apple-nears-4t-valuation-ai-boosts-stock-rise,Reuters,https://www.reuters.com/technology/apple-approaches-4-trillion-valuation-investors-bet-ai-momentum-2024-12-23/,https://cdn.techinasia.com/wp-content/uploads/2023/04/1680691944_apple-750x500.jpeg,"7:25 AM at Dec 24, 2024",2024-12-24T07:25:00,24 Dec 2024,AI,China,2025-01-15 11:07:24
ola-groups-ai-firm-offers-free-cloud-credits-students,Ola Group’s AI firm offers free cloud credits for students,https://www.techinasia.com/news/ola-groups-ai-firm-offers-free-cloud-credits-students,Krutrim,https://www.olakrutrim.com/,https://cdn.techinasia.com/wp-content/uploads/2024/12/1734953091_Ola-Founder-Bhavish-Aggarwal-at-INAE-Annual-Convention-2024-where-he-has-announced-free-Krutrim-Cloud-credits-to-all-IIT-students-and-faculty.-750x500.jpg,"7:19 PM at Dec 23, 2024",2024-12-23T19:19:00,23 Dec 2024,AI,India,2025-01-15 11:07:24
blacklists-chinese-firm-sophgo-over-huawei-chip-supply,US to blacklist Chinese firm Sophgo over Huawei chip supply,https://www.techinasia.com/news/blacklists-chinese-firm-sophgo-over-huawei-chip-supply,Reuters,https://www.reuters.com/technology/us-plans-blacklist-company-that-ordered-tsmc-chip-found-huawei-processor-source-2024-12-20/,https://cdn.techinasia.com/wp-content/uploads/2024/11/1731383939_shutterstock_2323039299-750x500.jpg,"6:28 PM at Dec 23, 2024",2024-12-23T18:28:00,23 Dec 2024,AI,,2025-01-15 11:07:24
musks-xai-launches-beta-grok-chatbot-app-ios,Musk’s xAI launches beta Grok chatbot app for iOS,https://www.techinasia.com/news/musks-xai-launches-beta-grok-chatbot-app-ios,TechCrunch,https://techcrunch.com/2024/12/22/xai-is-testing-a-standalone-ios-app-for-its-grok-chatbot/,https://cdn.techinasia.com/wp-content/uploads/2024/12/1733563213_shutterstock_2388402325-750x500.jpg,"5:30 PM at Dec 23, 2024",2024-12-23T17:30:00,23 Dec 2024,AI,,2025-01-15 11:07:24
indian-edtech-startup-raises-4m-seed-aidriven-tutoring,Indian edtech startup raises $4m seed for AI-driven tutoring,https://www.techinasia.com/news/indian-edtech-startup-raises-4m-seed-aidriven-tutoring,Inc42,https://inc42.com/buzz/aakash-chaudhrys-sparkl-edventure-bags-4-mn-from-zomato-zerodha-founders/https://inc42.com/buzz/aakash-chaudhrys-sparkl-edventure-bags-4-mn-from-zomato-zerodha-founders/,https://cdn.techinasia.com/wp-content/uploads/2024/12/1734937991_Screenshot-2024-12-23-at-14.12.03-750x505.png,"3:14 PM at Dec 23, 2024",2024-12-23T15:14:00,23 Dec 2024,"AI,Investments",India,2025-01-15 11:07:24
